<?xml version="1.0" encoding="utf-8"?>
<resources>
    <!-- Base application theme -->
    <style name="AppTheme" parent="Theme.AppCompat.Light.NoActionBar">
        <item name="colorPrimary">@color/primary_color</item>
        <item name="colorPrimaryDark">@color/primary_color</item>
        <item name="colorAccent">@color/accent_color</item>
    </style>

    <!-- Splash theme -->
    <style name="SplashTheme" parent="Theme.AppCompat.Light.NoActionBar">
        <item name="android:windowBackground">@color/primary_color</item>
        <item name="colorPrimaryDark">@color/primary_color</item>
    </style>
</resources>
